series,task_label,campaign_name,campaign_id,run_id,device_score,insertion_loss_db,return_loss_db,excess_loss_db,split_imbalance_db,isolation_db,bandwidth_fraction
refined,Mode converter,benchmark-meep-broadband-mode-converter-refined,3bc1787e-ea13-41e1-b6ef-6543730852a9,e4620c05-44bf-40ad-be95-ed3da319568f,0.5086853059028246,7.373787126672141,1.4100394942950267,,,,0.3902439024390244
refined,Splitter,benchmark-meep-splitter-refined,f6cf0be7-0112-49b6-b0b3-822d9e1bb671,94292e61-6416-4294-90e0-31a753c3250b,2.1909259941626114,,,25.796345387888554,1.1653084884406302,,0.21951219512195122
refined,Demux,benchmark-meep-demux-refined,ee33b36d-4bae-4625-9d7a-2e888b9cffd2,93d65c9b-c988-43e5-8e2c-30b0d6194db9,5.359216626322311,22.584537471901903,,,,1.0755589184014704,0.0
advanced,Mode converter,benchmark-meep-broadband-mode-converter-advanced,6507e1a9-8267-4e75-bd71-390eef40c866,2e88fa37-439c-4905-9c19-9421a02285de,-2.1266501964677933,5.443945625644444,1.9238528062258309,,,,0.2786885245901639
advanced,Splitter,benchmark-meep-splitter-advanced,c3b93533-5aa2-48b4-a07f-41817c4788f3,9b47a15b-951d-4495-9b54-3f31d90a44fb,-9.565355403097362,,,12.18344476017872,0.3456159198136387,,0.29508196721311475
advanced,Demux,benchmark-meep-demux-advanced,a372eec6-1eaa-4353-9cb2-fbc7f5e5c2b3,35ed2a96-e813-40e4-8f23-d648572eaad0,-16.030018035907723,20.305358188408263,,,,0.893494311082545,0.2054794520547945
