series,task_label,campaign_name,campaign_id,run_id,run_count,best_metric,mean_metric,artifact_coverage,workflow_stage_coverage,signal_metric_name,signal_metric_value,reflection_peak,split_balance,demux_target_mean,demux_leakage_mean,refractive_index
baseline,Mode converter,benchmark-meep-broadband-mode-converter,53f73f91-3295-4af6-9209-6143d84b7755,a5eec0d2-13ec-4b28-8c57-5d7f8680c73f,4,-0.005704026718132915,-0.0058904606739641555,1.0,1.0,transmission_mean,9.657287683923583e-05,0.023202398379888602,0.0,0.0,0.0,0.0
baseline,Splitter,benchmark-meep-splitter,3dc0d93e-4790-414f-8383-5c1ffaaa0d01,409dcde2-26d8-4f6f-9ad1-d1d73fba1305,4,-0.015791980187561103,-0.04424500936375896,1.0,1.0,splitter_score,1.5292650915403572e-07,0.15792133114070256,0.9999999999999998,7.662748726225488e-08,7.662748726225479e-08,0.0
baseline,Demux,benchmark-meep-demux,0332b3ab-c8fe-4582-b61c-9a950447923b,7d831ccd-d0c5-4966-9f53-d24c5ed88de3,4,-0.01918034297233935,-0.07224390353493483,1.0,1.0,demux_score,2.541098841762901e-21,0.1918324644771246,0.9999999999999994,2.9034753731093936e-06,2.9034753731093923e-06,0.0
refined,Mode converter,benchmark-meep-broadband-mode-converter-refined,3bc1787e-ea13-41e1-b6ef-6543730852a9,e4620c05-44bf-40ad-be95-ed3da319568f,8,0.5086853059028246,0.3233271010259343,1.0,1.0,transmission_mean,0.18307173074107705,2.2360161706148363,0.0,0.0,0.0,0.0
refined,Splitter,benchmark-meep-splitter-refined,f6cf0be7-0112-49b6-b0b3-822d9e1bb671,94292e61-6416-4294-90e0-31a753c3250b,8,2.1909259941626114,0.8214430886944674,1.0,1.0,splitter_score,0.0022814095462636253,0.9048355210101404,0.8666381304357282,0.0013787345431817322,0.0012400784302303422,0.0
refined,Demux,benchmark-meep-demux-refined,ee33b36d-4bae-4625-9d7a-2e888b9cffd2,93d65c9b-c988-43e5-8e2c-30b0d6194db9,8,5.359216626322311,2.0474877645046816,1.0,1.0,demux_score,0.002419677589556376,0.6327897492479921,0.647334307979225,0.005515009346719594,0.004305170551941406,0.0
