series,task_count,mean_best_metric,median_best_metric,mean_median_metric,best_observed_gap_to_reference,top_3_mean,low_gap_hits_1e-05,low_gap_rate_1e-05,low_gap_hits_1e-06,low_gap_rate_1e-06
raw_current,1,1.1845116887343465e-07,1.1845116887343465e-07,4.638948439793637,1.1845116887343465e-07,6.752666005619782e-07,,,,
bayesian_gp,6,3.973642985026042e-07,2.384185791015625e-07,4.629208345449816,1.1845116887343465e-07,1.2587414567456613e-06,50,0.08680555555555555,9,0.015625
random_search,6,7.157611510895853e-07,5.968045684312528e-07,4.663212219115944,1.1845116887343465e-07,1.5238194603423633e-06,31,0.05381944444444445,6,0.010416666666666666
